{"web":{"client_id":"367748320634-vdkilqrod6apumrmfpnb11esmvbc09te.apps.googleusercontent.com","project_id":"cs496-final-project-168900","auth_uri":"https://accounts.google.com/o/oauth2/auth","token_uri":"https://accounts.google.com/o/oauth2/token","auth_provider_x509_cert_url":"https://www.googleapis.com/oauth2/v1/certs","client_secret":"9WIFcgdJIS-UQ4X0gLfwSyBq","redirect_uris":["http://cs496-final-project-168900.appspot.com/callback"],"javascript_origins":["http://cs496-final-project-168900.appspot.com"]}}