{
  "id": "42ea30c9-581c-1276-fde1-b6b596b18896",
  "name": "Github",
  "values": [
    {
      "enabled": true,
      "key": "GithubOAuthToken",
      "value": "Bearer 64063d825b80f34821efd76fca5910a03ab4042d",
      "type": "text"
    },
    {
      "enabled": true,
      "key": "myGistCount",
      "value": "0",
      "type": "text"
    },
    {
      "enabled": true,
      "key": "gistID",
      "value": "e5cf1029a5c98d832812c78c43bd3a08",
      "type": "text"
    },
    {
      "enabled": true,
      "key": "numStars",
      "value": "0",
      "type": "text"
    },
    {
      "enabled": true,
      "key": "username",
      "value": "xeratun",
      "type": "text"
    }
  ],
  "timestamp": 1492292176148,
  "_postman_variable_scope": "environment",
  "_postman_exported_at": "2017-04-15T21:36:46.577Z",
  "_postman_exported_using": "Postman/4.10.7"
}