{
  "id": "87ad3505-2193-8e0b-aecb-ff80649dd47b",
  "name": "Boat/Slip",
  "values": [
    {
      "enabled": true,
      "key": "slip_id",
      "value": "ah5wfnJlc3QtcGxhbm5pbmctaW1wbGVtZW50YXRpb25yEQsSBFNsaXAYgICAgO2tkgkM",
      "type": "text"
    },
    {
      "enabled": true,
      "key": "boat_id",
      "value": "ah5wfnJlc3QtcGxhbm5pbmctaW1wbGVtZW50YXRpb25yEQsSBEJvYXQYgICAgJnOlAkM",
      "type": "text"
    },
    {
      "enabled": true,
      "key": "URL",
      "value": "https://rest-planning-implementation.appspot.com/",
      "type": "text"
    },
    {
      "enabled": true,
      "key": "date1",
      "value": "2017-04-20",
      "type": "text"
    },
    {
      "enabled": true,
      "key": "date2",
      "value": "2017-04-21",
      "type": "text"
    },
    {
      "enabled": true,
      "key": "date3",
      "value": "2017-04-22",
      "type": "text"
    },
    {
      "enabled": true,
      "key": "date4",
      "value": "2017-04-23",
      "type": "text"
    }
  ],
  "timestamp": 1493174568366,
  "_postman_variable_scope": "environment",
  "_postman_exported_at": "2017-04-26T21:24:31.299Z",
  "_postman_exported_using": "Postman/4.10.7"
}